
--2.Inserttables
--Person(_PersonId_,FirstName,MiddleInitial,LastName,DateOfBirth).
INSERT INTO Person VALUES('Pid_1','Callum','J','Smith ','2001-05-10'),
							('Pid_2','Charlie','N','Jones','2000-11-18'),
							('Pid_3','Connnor','S','Taylor','2000-01-02'),
							('Pid_4','David','R','Williams','1999-11-14'),
							('Pid_5','Ethan','G','Brown','2001-05-23'),
							('Pid_6','George','L','White','2001-06-04'),
							('Pid_7','Harry','I','Harris','2000-07-18'),
							('Pid_8','Jack','P','Martin','2001-08-05'),
							('Pid_9','"Jake"','Y','Davies','2002-06-03'),
							('Pid_10','James','S','Wilson','2000-05-01'),
							('Pid_11','Joe','J','Cooper','2002-09-14'),
							('Pid_12','John','J','Evans','2001-11-28'),
							('Pid_13','Kyle','Y','King','2000-01-21'),
							('Pid_14','Lacy','W','Thomas','2002-04-30'),
							('Pid_15','Liam','A','Baker','2001-07-15'),
							('Pid_16','Mason','G','Green','2002-03-12'),
							('Pid_17','Michael','A','Wright','2001-07-02'),
							('Pid_18','Noah','B','Johnson','1999-12-23'),
							('Pid_19','"Oliver"','K','Edwards','2000-02-19'),
							('Pid_20','Percy','I','Clark','2002-04-25'),
							('Pid_21','Robert','R','Roberts','2000-08-31'),
							('Pid_22','Ros','A','Robinson','1999-08-23'),
							('Pid_23','"Thomas"','O','Hall ','2001-09-19'),
							('Pid_24','Vesci','L','Lewis','2002-08-02'),
							('Pid_25','William','M','Clarke','2001-12-19')



--Course(_CourseId_,Name,Teacher).
INSERT INTO Course VALUES('CS101','ComputerScience','JohnWatkins'),
							('DA102','DataAnalysis','AnnaJohnson'),
							('MGM101','ProjectManagement','DaeYioun'),
							('IS123','InformationSecurity','MilitoTaeji'),
							('BI345','BusinessIntelligence','FlorellaMiccu'),
							('ML203','MachineLearning','AlbertColombo')



--Student(_StudentId_,PersonId,Email).
INSERT INTO Student VALUES ('SID_01','Pid_1','Callum_Smith .2021@uni.ac.uk'),
							('SID_02','Pid_2','Charlie_Jones.2021@uni.ac.uk'),
							('SID_03','Pid_3','Connnor_Taylor.2021@uni.ac.uk'),
							('SID_04','Pid_4','David_Williams.1999@uni.ac.uk'),
							('SID_05','Pid_5','Ethan_Brown.2021@uni.ac.uk'),
							('SID_06','Pid_6','George_White.2021@uni.ac.uk'),
							('SID_07','Pid_7','Harry_Harris.2021@uni.ac.uk'),
							('SID_08','Pid_8','Jack_Martin.2021@uni.ac.uk'),
							('SID_09','Pid_9','Jake_Davies.2021@uni.ac.uk'),
							('SID_10','Pid_10','James_Wilson.2021@uni.ac.uk'),
							('SID_11','Pid_11','Joe_Cooper.2021@uni.ac.uk'),
							('SID_12','Pid_12','John_Evans.2021@uni.ac.uk'),
							('SID_13','Pid_13','Kyle_King.2021@uni.ac.uk'),
							('SID_14','Pid_14','Lacy_Thomas.2021@uni.ac.uk'),
							('SID_15','Pid_15','Liam_Baker.2021@uni.ac.uk'),
							('SID_16','Pid_16','Mason_Green.2021@uni.ac.uk'),
							('SID_17','Pid_17','Michael_Wright.2021@uni.ac.uk'),
							('SID_18','Pid_18','Noah_Johnson.1999@uni.ac.uk'),
							('SID_19','Pid_19','Oliver_Edwards.2021@uni.ac.uk'),
							('SID_20','Pid_20','Percy_Clark.2021@uni.ac.uk'),
							('SID_21','Pid_21','Robert_Roberts.2021@uni.ac.uk'),
							('SID_22','Pid_22','Ros_Robinson.1999@uni.ac.uk'),
							('SID_23','Pid_23','Thomas_Hall .2021@uni.ac.uk'),
							('SID_24','Pid_24','Vesci_Lewis.2021@uni.ac.uk'),
							('SID_25','Pid_25','William_Clarke.2021@uni.ac.uk')

--Credit(_StudentId_,_CourseId_,Grade,Attempt).
INSERT INTO Credit VALUES ('SID_01','CS101','A','First-Sit'),
							('SID_01','DA102','A','First-Sit'),
							('SID_01','MGM101','A','First-Sit'),
							('SID_01','IS123','B','First-Sit'),
							('SID_02','BI345','B','First-Sit'),
							('SID_02','ML203','B','First-Sit'),
							('SID_02','MGM101','A','First-Sit'),
							('SID_02','IS123','A','First-Sit'),
							('SID_03','CS101','B','First-Sit'),
							('SID_03','DA102','B','First-Sit'),
							('SID_03','BI345','B','First-Sit'),
							('SID_03','ML203','B','First-Sit'),
							('SID_04','DA102','E','Re-Sit'),
							('SID_04','MGM101','C','First-Sit'),
							('SID_04','IS123','A','First-Sit'),
							('SID_04','BI345','E','Re-Sit'),
							('SID_05','IS123','C','First-Sit'),
							('SID_05','BI345','D','First-Sit'),
							('SID_05','ML203','E','First-Sit'),
							('SID_05','MGM101','B','First-Sit'),
							('SID_06','CS101','B','First-Sit'),
							('SID_06','DA102','B','First-Sit'),
							('SID_06','BI345','A','First-Sit'),
							('SID_06','ML203','B','First-Sit'),
							('SID_07','CS101','A','First-Sit'),
							('SID_07','DA102','A','First-Sit'),
							('SID_07','BI345','A','First-Sit'),
							('SID_07','ML203','B','First-Sit'),
							('SID_08','CS101','C','First-Sit'),
							('SID_08','DA102','C','First-Sit'),
							('SID_08','MGM101','A','First-Sit'),
							('SID_08','IS123','B','First-Sit'),
							('SID_09','DA102','C','First-Sit'),
							('SID_09','IS123','C','First-Sit'),
							('SID_09','BI345','A','First-Sit'),
							('SID_09','ML203','C','First-Sit'),
							('SID_10','CS101','A','First-Sit'),
							('SID_10','DA102','E','First-Sit'),
							('SID_10','BI345','D','First-Sit'),
							('SID_10','ML203','D','First-Sit'),
							('SID_11','DA102','D','First-Sit'),
							('SID_11','IS123','E','First-Sit'),
							('SID_11','BI345','A','First-Sit'),
							('SID_11','ML203','A','First-Sit'),
							('SID_12','DA102','A','First-Sit'),
							('SID_12','IS123','B','First-Sit'),
							('SID_12','BI345','B','First-Sit'),
							('SID_12','ML203','B','First-Sit'),
							('SID_13','CS101','A','First-Sit'),
							('SID_13','DA102','A','First-Sit'),
							('SID_13','BI345','B','First-Sit'),
							('SID_13','ML203','B','First-Sit'),
							('SID_14','DA102','B','First-Sit'),
							('SID_14','MGM101','B','First-Sit'),
							('SID_14','IS123','C','First-Sit'),
							('SID_14','BI345','C','First-Sit'),
							('SID_15','CS101','A','First-Sit'),
							('SID_15','DA102','A','First-Sit'),
							('SID_15','BI345','C','First-Sit'),
							('SID_15','ML203','D','First-Sit'),
							('SID_16','MGM101','E','First-Sit'),
							('SID_16','IS123','B','First-Sit'),
							('SID_16','BI345','B','First-Sit'),
							('SID_16','ML203','B','First-Sit'),
							('SID_17','MGM101','A','First-Sit'),
							('SID_17','IS123','B','First-Sit'),
							('SID_17','BI345','A','First-Sit'),
							('SID_17','ML203','A','First-Sit'),
							('SID_18','BI345','A','First-Sit'),
							('SID_18','ML203','E','Re-Sit'),
							('SID_18','MGM101','C','First-Sit'),
							('SID_18','IS123','E','Re-Sit'),
							('SID_19','CS101','A','First-Sit'),
							('SID_19','DA102','B','First-Sit'),
							('SID_19','ML203','C','First-Sit'),
							('SID_19','MGM101','C','First-Sit'),
							('SID_20','CS101','A','First-Sit'),
							('SID_20','DA102','C','First-Sit'),
							('SID_20','BI345','A','First-Sit'),
							('SID_20','ML203','E','First-Sit'),
							('SID_21','BI345','D','First-Sit'),
							('SID_21','ML203','D','First-Sit'),
							('SID_21','MGM101','D','First-Sit'),
							('SID_21','IS123','E','First-Sit'),
							('SID_22','MGM101','A','First-Sit'),
							('SID_22','IS123','E','Re-Sit'),
							('SID_22','BI345','E','Re-Sit'),
							('SID_22','ML203','A','First-Sit'),
							('SID_23','DA102','C','First-Sit'),
							('SID_23','IS123','A','First-Sit'),
							('SID_23','BI345','E','First-Sit'),
							('SID_23','ML203','D','First-Sit'),
							('SID_24','IS123','D','First-Sit'),
							('SID_24','BI345','D','First-Sit'),
							('SID_24','ML203','A','First-Sit'),
							('SID_24','MGM101','B','First-Sit'),
							('SID_25','BI345','A','First-Sit'),
							('SID_25','ML203','E','First-Sit'),
							('SID_25','MGM101','D','First-Sit'),
							('SID_25','IS123','D','First-Sit')


